sku,warehouse,on_hand,uom,damaged_qty,last_counted
MSD-2018,WH3,89,EA,4,2026-08-25T06:15:00Z
MSD-2230,W2,468,EA,0,2026-08-03T06:15:00Z
MSD-2015,WH1,1140,EA,0,2026-08-05T06:15:00Z
MSD-2135,WH3,172,EA,0,2026-08-18T06:15:00Z
MSD-2108,WH2,1153,EA,0,2026-08-20T06:15:00Z
MSD-2226,WH2,731,EA,0,2026-08-09T06:15:00Z
MSD-2135,WH2,1351,EA,0,2026-07-31T06:15:00Z
MSD-2082,WH3,598,EA,0,2026-09-03T06:15:00Z
MSD-2101,WH3,174,EA,0,2026-08-04T06:15:00Z
MSD-2137,WH3,257,EA,0,2026-08-18T06:15:00Z
MSD-2178,WH3,595,EA,0,2026-08-13T06:15:00Z
MSD-2093,WH3,1363,EA,0,2026-08-06T06:15:00Z
MSD-2082,W2,523,EA,0,2026-08-18T06:15:00Z
MSD-2159,WH1,873,EA,0,2026-08-01T06:15:00Z
MSD-2193,WH2,905,EA,0,2026-08-21T06:15:00Z
MSD-2110,WH2,1329,EA,0,2026-08-06T06:15:00Z
MSD-2171,WH1,223,EA,0,2026-09-07T06:15:00Z
MSD-2237,W2,1342,EA,0,2026-08-21T06:15:00Z
MSD-2165,WH3,655,EA,0,2026-08-04T06:15:00Z
MSD-2042,WH3,339,EA,0,2026-08-30T06:15:00Z
MSD-2005,WH2,1386,EA,0,2026-08-09T06:15:00Z
MSD-2021,WH1,337,EA,0,2026-08-26T06:15:00Z
MSD-2027,WH3,1311,EA,1,2026-08-09T06:15:00Z
MSD-2106,WH3,1266,EA,0,2026-08-18T06:15:00Z
MSD-2077,WH1,812,EA,0,2026-09-01T06:15:00Z
MSD-2180,WH3,474,EA,0,2026-08-30T06:15:00Z
MSD-2192,WH1,782,EA,0,2026-08-26T06:15:00Z
MSD-2027,WH2,201,EA,0,2026-09-09T06:15:00Z
MSD-2131,WH3,59,EA,0,2026-08-08T06:15:00Z
MSD-2026,WH3,908,EA,0,2026-08-08T06:15:00Z
MSD-2160,WH1,522,EA,1,2026-08-12T06:15:00Z
MSD-2106,WH1,747,EA,0,2026-08-14T06:15:00Z
MSD-2141,WH3,0,EA,0,2026-08-13T06:15:00Z
MSD-2091,WH3,1162,EA,0,2026-08-16T06:15:00Z
MSD-2107,WH1,971,EA,0,2026-08-05T06:15:00Z
MSD-2018,WH2,74,EA,5,2026-08-16T06:15:00Z
MSD-2036,wh-1,439,EA,0,2026-09-05T06:15:00Z
MSD-2075,WH3,975,EA,0,2026-07-31T06:15:00Z
MSD-2226,WH1,1223,EA,0,2026-09-02T06:15:00Z
MSD-2038,W2,357,EA,0,2026-08-16T06:15:00Z
MSD-2179,WH1,639,EA,0,2026-09-04T06:15:00Z
MSD-2013,WH2,849,EA,0,2026-08-17T06:15:00Z
MSD-2244,WH3,1060,EA,0,2026-08-10T06:15:00Z
MSD-2218,WH2,442,EA,0,2026-08-26T06:15:00Z
MSD-2182,WH3,609,EA,0,2026-08-26T06:15:00Z
MSD-2220,WH1,428,EA,0,2026-08-11T06:15:00Z
MSD-2164,WH1,976,EA,0,2026-08-22T06:15:00Z
MSD-2028,WH2,894,EA,0,2026-08-15T06:15:00Z
MSD-2062,WH2,1125,EA,0,2026-08-16T06:15:00Z
MSD-2207,WH3,1282,EA,0,2026-08-08T06:15:00Z
MSD-2239,WH2,96,EA,0,2026-08-13T06:15:00Z
MSD-2198,WH1,961,EA,0,2026-08-11T06:15:00Z
MSD-2152,WH1,134,EA,0,2026-08-25T06:15:00Z
MSD-2120,WH2,496,EA,0,2026-08-08T06:15:00Z
MSD-2067,WH3,888,EA,0,2026-08-26T06:15:00Z
MSD-2223,WH1,90,EA,0,2026-08-16T06:15:00Z
MSD-2249,W2,605,EA,0,2026-09-03T06:15:00Z
MSD-2036,WH3,506,EA,0,2026-08-18T06:15:00Z
MSD-2061,WH3,330,EA,0,2026-08-12T06:15:00Z
MSD-2091,WH2,322,EA,0,2026-08-23T06:15:00Z
MSD-2230,WH3,1202,EA,0,2026-08-13T06:15:00Z
MSD-2234,WH1,1063,EA,0,2026-08-27T06:15:00Z
MSD-2157,WH1,220,EA,0,2026-08-30T06:15:00Z
MSD-2188,WH1,412,EA,0,2026-09-05T06:15:00Z
MSD-2163,WH3,265,EA,0,2026-08-27T06:15:00Z
MSD-2112,WH1,1089,EA,0,2026-08-15T06:15:00Z
MSD-2156,WH2,482,EA,4,2026-08-10T06:15:00Z
MSD-2100,WH2,515,EA,0,2026-08-01T06:15:00Z
MSD-2064,WH1,1132,EA,0,2026-08-29T06:15:00Z
MSD-2033,WH2,-8,EA,0,2026-08-11T06:15:00Z
MSD-2117,WH2,322,EA,0,2026-08-18T06:15:00Z
MSD-2003,WH2,133,EA,0,2026-08-01T06:15:00Z
MSD-2047,WH3,1306,EA,0,2026-08-12T06:15:00Z
MSD-2010,WH3,307,EA,11,2026-08-06T06:15:00Z
MSD-2199,WH1,56,EA,0,2026-09-06T06:15:00Z
MSD-2018,WH1,73,EA,0,2026-08-24T06:15:00Z
MSD-2010,WH1,1202,EA,0,2026-08-29T06:15:00Z
MSD-2103,WH2,27,EA,0,2026-08-25T06:15:00Z
MSD-2238,WH2,1296,EA,0,2026-08-23T06:15:00Z
MSD-2227,WH2,366,EA,0,2026-08-09T06:15:00Z
MSD-2145,WH2,676,EA,13,2026-09-06T06:15:00Z
MSD-2081,WH1,695,EA,0,2026-08-01T06:15:00Z
MSD-2234,WH3,154,EA,0,2026-08-11T06:15:00Z
MSD-2189,WH3,259,EA,0,2026-08-27T06:15:00Z
MSD-2177,WH1,995,EA,0,2026-09-02T06:15:00Z
MSD-2015,WH3,1167,EA,0,2026-09-05T06:15:00Z
MSD-2114,WH2,71,EA,0,2026-08-21T06:15:00Z
MSD-2231,WH2,108,EA,0,2026-08-04T06:15:00Z
MSD-2092,WH2,826,EA,0,2026-09-08T06:15:00Z
MSD-2127,WH2,410,EA,0,2026-09-09T06:15:00Z
MSD-2217,WH1,361,EA,0,2026-08-09T06:15:00Z
MSD-2217,WH3,986,EA,0,2026-08-29T06:15:00Z
MSD-2228,WH2,151,EA,0,2026-08-25T06:15:00Z
MSD-2006,WH1,297,EA,0,2026-08-26T06:15:00Z
MSD-2182,WH1,367,EA,0,2026-08-20T06:15:00Z
MSD-2063,WH1,1050,EA,0,2026-08-24T06:15:00Z
MSD-2125,WH2,1069,EA,0,2026-08-19T06:15:00Z
MSD-2237,WH3,1082,EA,0,2026-09-09T06:15:00Z
MSD-2094,WH3,948,EA,0,2026-08-11T06:15:00Z
MSD-2150,WH1,951,EA,0,2026-08-22T06:15:00Z
MSD-2227,WH1,1395,EA,0,2026-09-02T06:15:00Z
MSD-2181,WH3,1163,EA,0,2026-08-02T06:15:00Z
MSD-2008,WH1,260,EA,0,2026-08-28T06:15:00Z
MSD-2086,WH2,100,EA,0,2026-09-05T06:15:00Z
MSD-2082,WH1,81,EA,0,2026-08-26T06:15:00Z
MSD-2064,WH2,1286,EA,8,2026-07-31T06:15:00Z
MSD-2168,WH3,1139,EA,0,2026-08-03T06:15:00Z
MSD-2179,WH2,897,EA,9,2026-09-02T06:15:00Z
MSD-2113,WH1,1083,EA,0,2026-09-02T06:15:00Z
MSD-2104,WH3,482,EA,0,2026-08-25T06:15:00Z
MSD-2118,WH3,451,EA,11,2026-08-16T06:15:00Z
MSD-2110,WH1,1180,EA,0,2026-08-30T06:15:00Z
MSD-2155,WH3,763,EA,0,2026-09-02T06:15:00Z
MSD-2036,WH2,367,EA,0,2026-08-08T06:15:00Z
MSD-2249,WH1,1301,EA,0,2026-08-17T06:15:00Z
MSD-2116,WH2,66,EA,0,2026-09-09T06:15:00Z
MSD-2239,WH1,1235,EA,2,2026-09-03T06:15:00Z
MSD-2004,WH3,1372,EA,0,2026-08-22T06:15:00Z
MSD-2212,WH2,52,EA,0,2026-08-31T06:15:00Z
MSD-2160,WH3,26,EA,0,2026-08-06T06:15:00Z
MSD-2001,WH3,1140,EA,1,2026-08-04T06:15:00Z
MSD-2175,WH2,359,EA,0,2026-08-20T06:15:00Z
MSD-2024,WH2,1208,EA,0,2026-08-24T06:15:00Z
MSD-2114,wh-1,186,EA,0,2026-09-08T06:15:00Z
MSD-3301,WH3,22,CASE,0,2026-08-25T06:15:00Z
MSD-2071,WH1,38,EA,0,2026-09-08T06:15:00Z
MSD-2145,WH1,736,EA,9,2026-08-26T06:15:00Z
MSD-2089,WH3,77,EA,10,2026-09-06T06:15:00Z
MSD-2075,WH2,259,EA,0,2026-08-25T06:15:00Z
MSD-2131,WH1,268,EA,0,2026-08-09T06:15:00Z
MSD-2057,WH2,254,EA,0,2026-09-03T06:15:00Z
MSD-2046,WH1,1355,EA,0,2026-08-08T06:15:00Z
MSD-2040,WH3,631,EA,0,2026-08-22T06:15:00Z
MSD-2085,WH3,1021,EA,0,2026-07-31T06:15:00Z
MSD-2128,WH3,72,EA,0,2026-09-09T06:15:00Z
MSD-2206,WH2,1159,EA,3,2026-08-13T06:15:00Z
MSD-2140,WH1,387,EA,0,2026-08-26T06:15:00Z
MSD-2030,WH1,904,EA,12,2026-08-20T06:15:00Z
MSD-2172,WH2,220,EA,0,2026-09-04T06:15:00Z
MSD-2011,W2,1012,EA,0,2026-08-05T06:15:00Z
MSD-2096,WH1,86,EA,0,2026-08-27T06:15:00Z
MSD-2135,WH1,964,EA,0,2026-08-18T06:15:00Z
MSD-2216,WH3,817,EA,7,2026-08-24T06:15:00Z
MSD-2034,WH3,1105,EA,0,2026-08-27T06:15:00Z
MSD-2044,WH1,66,EA,0,2026-09-07T06:15:00Z
MSD-2144,WH3,1192,EA,0,2026-08-19T06:15:00Z
MSD-2243,WH2,972,EA,9,2026-08-13T06:15:00Z
MSD-2030,WH3,357,EA,0,2026-08-22T06:15:00Z
MSD-2183,wh-1,1293,EA,0,2026-09-03T06:15:00Z
MSD-2229,WH2,50,EA,0,2026-09-02T06:15:00Z
MSD-2198,WH3,599,EA,0,2026-08-19T06:15:00Z
MSD-2141,WH2,0,EA,0,2026-08-15T06:15:00Z
MSD-2210,WH2,1190,EA,0,2026-08-20T06:15:00Z
MSD-2053,WH1,422,EA,7,2026-08-29T06:15:00Z
MSD-2110,WH3,600,EA,8,2026-08-30T06:15:00Z
MSD-2225,WH3,271,EA,9,2026-08-02T06:15:00Z
MSD-2241,WH2,167,EA,0,2026-09-01T06:15:00Z
MSD-2037,WH2,1366,EA,0,2026-08-25T06:15:00Z
MSD-2007,WH2,811,EA,9,2026-08-25T06:15:00Z
MSD-2010,WH2,729,EA,0,2026-08-11T06:15:00Z
MSD-2014,WH3,224,EA,7,2026-08-08T06:15:00Z
MSD-2094,WH1,581,EA,0,2026-08-21T06:15:00Z
MSD-2213,WH3,1301,EA,0,2026-08-11T06:15:00Z
MSD-2088,WH2,781,EA,12,2026-08-03T06:15:00Z
MSD-2004,WH1,140,EA,0,2026-08-24T06:15:00Z
MSD-2111,WH1,199,EA,11,2026-08-18T06:15:00Z
MSD-2213,WH2,1079,EA,0,2026-08-22T06:15:00Z
MSD-2161,WH3,1137,EA,0,2026-08-02T06:15:00Z
MSD-2104,WH2,170,EA,6,2026-08-07T06:15:00Z
MSD-2201,WH1,1358,EA,0,2026-08-28T06:15:00Z
MSD-2039,WH2,112,EA,0,2026-07-31T06:15:00Z
MSD-2054,WH2,1098,EA,0,2026-08-22T06:15:00Z
MSD-2097,WH1,963,EA,0,2026-08-09T06:15:00Z
MSD-2072,WH1,947,EA,2,2026-08-15T06:15:00Z
MSD-2214,WH2,691,EA,0,2026-08-21T06:15:00Z
MSD-2218,WH3,1163,EA,0,2026-09-07T06:15:00Z
MSD-2245,WH3,323,EA,0,2026-09-01T06:15:00Z
MSD-2068,WH2,84,EA,0,2026-08-05T06:15:00Z
MSD-2133,WH3,1303,EA,0,2026-09-06T06:15:00Z
MSD-2250,WH3,411,EA,9,2026-08-22T06:15:00Z
MSD-2116,WH1,1327,EA,0,2026-09-02T06:15:00Z
MSD-2038,wh-1,677,EA,0,2026-09-07T06:15:00Z
MSD-2043,WH1,1088,EA,0,2026-08-06T06:15:00Z
MSD-2235,WH2,588,EA,0,2026-08-24T06:15:00Z
MSD-3302,WH1,21,CASE,0,2026-08-08T06:15:00Z
MSD-2167,WH1,1391,EA,0,2026-09-02T06:15:00Z
 msd-2042 ,Warehouse 1,640,EA,0,2026-09-09T06:15:00Z
MSD-2076,WH1,1078,EA,0,2026-08-14T06:15:00Z
MSD-2233,WH1,730,EA,0,2026-08-13T06:15:00Z
MSD-2185,WH1,1337,EA,0,2026-08-06T06:15:00Z
MSD-2007,WH3,1301,EA,0,2026-09-02T06:15:00Z
MSD-2049,WH3,1004,EA,0,2026-09-01T06:15:00Z
MSD-2066,WH3,120,EA,0,2026-08-25T06:15:00Z
MSD-2181,WH1,348,EA,0,2026-08-27T06:15:00Z
MSD-2098,WH3,1087,EA,0,2026-08-22T06:15:00Z
MSD-2161,WH1,1254,EA,0,2026-08-28T06:15:00Z
MSD-2126,WH2,1035,EA,0,2026-09-09T06:15:00Z
MSD-2184,wh-1,1235,EA,0,2026-08-14T06:15:00Z
MSD-2230,WH1,253,EA,0,2026-08-18T06:15:00Z
MSD-2055,WH3,1205,EA,0,2026-09-04T06:15:00Z
MSD-2063,WH3,979,EA,0,2026-08-08T06:15:00Z
MSD-2087,WH3,1057,EA,0,2026-08-31T06:15:00Z
MSD-2119,WH2,505,EA,0,2026-09-09T06:15:00Z
MSD-2113,WH2,65,EA,0,2026-09-02T06:15:00Z
MSD-2194,WH3,477,EA,0,2026-08-18T06:15:00Z
MSD-2209,WH3,208,EA,4,2026-08-03T06:15:00Z
MSD-2020,WH2,244,EA,0,2026-08-31T06:15:00Z
MSD-2195,WH2,626,EA,0,2026-08-15T06:15:00Z
MSD-2064,WH3,1292,EA,0,2026-09-05T06:15:00Z
MSD-2223,WH3,705,EA,0,2026-08-11T06:15:00Z
MSD-2197,WH2,1327,EA,0,2026-08-19T06:15:00Z
MSD-2169,WH1,59,EA,0,2026-09-02T06:15:00Z
MSD-2138,WH1,465,EA,0,2026-08-19T06:15:00Z
MSD-2130,WH1,59,EA,0,2026-08-28T06:15:00Z
MSD-2176,WH2,527,EA,0,2026-07-31T06:15:00Z
MSD-2130,WH2,51,EA,0,2026-08-24T06:15:00Z
MSD-2124,WH1,985,EA,0,2026-08-24T06:15:00Z
MSD-2143,WH2,293,EA,0,2026-09-06T06:15:00Z
MSD-2242,WH3,129,EA,5,2026-09-05T06:15:00Z
MSD-2055,WH2,1280,EA,0,2026-08-19T06:15:00Z
MSD-2118,WH2,1353,EA,0,2026-08-29T06:15:00Z
MSD-2236,WH1,1150,EA,0,2026-08-13T06:15:00Z
MSD-2153,WH1,795,EA,0,2026-08-11T06:15:00Z
MSD-2128,WH1,489,EA,0,2026-08-22T06:15:00Z
MSD-2232,WH1,767,EA,0,2026-08-22T06:15:00Z
MSD-2150,WH2,691,EA,0,2026-07-31T06:15:00Z
MSD-2173,WH3,1291,EA,3,2026-07-31T06:15:00Z
MSD-2038,WH3,262,EA,0,2026-09-07T06:15:00Z
MSD-2065,WH1,30,EA,0,2026-08-24T06:15:00Z
MSD-2127,WH3,51,EA,0,2026-09-06T06:15:00Z
MSD-2207,wh-1,539,EA,1,2026-09-05T06:15:00Z
MSD-2241,WH3,1315,EA,0,2026-09-03T06:15:00Z
MSD-2019,WH3,113,EA,0,2026-08-25T06:15:00Z
MSD-2189,WH1,1147,EA,0,2026-08-24T06:15:00Z
MSD-2143,WH3,236,EA,0,2026-08-04T06:15:00Z
MSD-2034,WH1,1303,EA,0,2026-08-17T06:15:00Z
MSD-2222,WH2,884,EA,0,2026-08-29T06:15:00Z
MSD-2195,WH1,743,EA,0,2026-08-11T06:15:00Z
MSD-2196,WH3,129,EA,0,2026-09-06T06:15:00Z
MSD-2070,WH1,191,EA,0,2026-08-23T06:15:00Z
MSD-2029,W2,1115,EA,0,2026-09-05T06:15:00Z
MSD-2236,WH3,727,EA,0,2026-08-10T06:15:00Z
MSD-2056,WH2,351,EA,0,2026-08-08T06:15:00Z
MSD-2224,WH2,1188,EA,0,2026-08-04T06:15:00Z
MSD-2204,WH2,472,EA,0,2026-09-05T06:15:00Z
MSD-2013,WH1,220,EA,0,2026-07-31T06:15:00Z
MSD-2078,WH1,253,EA,0,2026-08-09T06:15:00Z
MSD-2198,WH2,158,EA,0,2026-09-09T06:15:00Z
MSD-2012,WH1,93,EA,11,2026-08-19T06:15:00Z
MSD-2221,WH3,470,EA,0,2026-08-02T06:15:00Z
MSD-2157,WH3,1203,EA,0,2026-08-18T06:15:00Z
MSD-2035,WH2,1175,EA,8,2026-08-18T06:15:00Z
MSD-2115,WH3,1001,EA,0,2026-08-29T06:15:00Z
MSD-2162,WH2,601,EA,0,2026-08-13T06:15:00Z
MSD-2046,WH2,722,EA,0,2026-08-25T06:15:00Z
MSD-2159,WH3,1035,EA,0,2026-08-27T06:15:00Z
MSD-2116,WH3,1040,EA,0,2026-08-08T06:15:00Z
MSD-2180,WH1,439,EA,0,2026-09-04T06:15:00Z
MSD-2191,WH1,1154,EA,11,2026-08-23T06:15:00Z
MSD-2133,WH1,446,EA,0,2026-09-02T06:15:00Z
MSD-2069,WH1,302,EA,0,2026-08-21T06:15:00Z
MSD-2109,WH2,1099,EA,0,2026-08-05T06:15:00Z
MSD-2137,WH2,888,EA,2,2026-08-04T06:15:00Z
MSD-2190,WH3,1031,EA,0,2026-09-04T06:15:00Z
MSD-2111,WH2,497,EA,3,2026-09-01T06:15:00Z
MSD-2050,WH3,297,EA,0,2026-08-27T06:15:00Z
MSD-2187,WH2,61,EA,0,2026-08-31T06:15:00Z
MSD-2047,WH2,1022,EA,0,2026-09-08T06:15:00Z
MSD-2022,WH3,518,EA,0,2026-08-21T06:15:00Z
MSD-2023,WH2,186,EA,0,2026-08-17T06:15:00Z
MSD-2184,WH3,430,EA,0,2026-09-07T06:15:00Z
MSD-2144,WH1,1056,EA,7,2026-09-05T06:15:00Z
MSD-2122,WH3,93,EA,0,2026-09-01T06:15:00Z
MSD-2095,WH1,1154,EA,0,2026-08-28T06:15:00Z
MSD-2213,WH1,874,EA,0,2026-08-23T06:15:00Z
MSD-2103,WH1,1064,EA,9,2026-08-19T06:15:00Z
MSD-2086,WH3,149,EA,0,2026-08-23T06:15:00Z
MSD-2088,WH3,twelve,EA,0,2026-09-09T06:15:00Z
MSD-2121,WH1,309,EA,0,2026-08-09T06:15:00Z
MSD-2196,WH2,908,EA,0,2026-07-31T06:15:00Z
MSD-2189,WH2,1069,EA,0,2026-08-27T06:15:00Z
MSD-2033,WH3,132,EA,0,2026-08-31T06:15:00Z
MSD-2188,WH3,1042,EA,0,2026-08-09T06:15:00Z
MSD-2133,WH2,237,EA,0,2026-09-02T06:15:00Z
MSD-2025,WH1,78,EA,0,2026-08-21T06:15:00Z
MSD-2089,WH2,1075,EA,0,2026-08-13T06:15:00Z
MSD-2017,WH3,69,EA,0,2026-08-24T06:15:00Z
MSD-2015,WH2,441,EA,0,2026-08-05T06:15:00Z
MSD-2209,WH1,1206,EA,0,2026-08-07T06:15:00Z
MSD-2050,WH1,1077,EA,0,2026-08-27T06:15:00Z
MSD-2080,WH3,414,EA,0,2026-09-08T06:15:00Z
MSD-2129,WH2,599,EA,0,2026-08-08T06:15:00Z
MSD-2032,WH3,1015,EA,0,2026-08-09T06:15:00Z
MSD-2118,WH1,441,EA,14,2026-09-08T06:15:00Z
MSD-2218,WH1,267,EA,0,2026-09-06T06:15:00Z
MSD-2154,WH1,900,EA,0,2026-08-12T06:15:00Z
MSD-2126,WH1,1169,EA,0,2026-08-20T06:15:00Z
MSD-2117,WH3,386,EA,0,2026-08-30T06:15:00Z
MSD-2002,WH3,1128,EA,0,2026-09-03T06:15:00Z
MSD-2032,WH1,145,EA,11,2026-08-08T06:15:00Z
MSD-2008,WH3,698,EA,0,2026-08-10T06:15:00Z
MSD-2114,WH3,819,EA,0,2026-09-07T06:15:00Z
MSD-2093,WH2,666,EA,0,2026-08-05T06:15:00Z
MSD-2153,WH2,462,EA,0,2026-08-18T06:15:00Z
MSD-2097,WH2,31,EA,0,2026-08-03T06:15:00Z
MSD-2084,WH3,1045,EA,3,2026-08-02T06:15:00Z
MSD-2008,WH2,128,EA,0,2026-08-02T06:15:00Z
MSD-2017,WH2,268,EA,0,2026-08-06T06:15:00Z
MSD-2016,WH2,1246,EA,0,2026-08-22T06:15:00Z
MSD-2202,WH3,814,EA,0,2026-08-24T06:15:00Z
MSD-2176,WH3,1052,EA,0,2026-08-02T06:15:00Z
MSD-2139,WH2,1151,EA,0,2026-08-10T06:15:00Z
MSD-2139,WH3,196,EA,0,2026-09-08T06:15:00Z
MSD-2224,WH3,25,EA,0,2026-09-09T06:15:00Z
MSD-2221,WH2,580,EA,0,2026-08-12T06:15:00Z
MSD-2185,WH2,1167,EA,0,2026-09-07T06:15:00Z
MSD-2073,WH1,532,EA,0,2026-08-13T06:15:00Z
MSD-2004,WH1,140,EA,0,2026-08-24T06:15:00Z
MSD-2203,WH1,52,EA,0,2026-08-09T06:15:00Z
MSD-2042,WH1,68,EA,0,2026-09-09T06:15:00Z
MSD-2071,WH2,26,EA,0,2026-09-05T06:15:00Z
MSD-2079,WH2,809,EA,0,2026-08-12T06:15:00Z
MSD-2236,WH2,301,EA,0,2026-08-04T06:15:00Z
MSD-2203,WH2,57,EA,0,2026-09-01T06:15:00Z
MSD-2067,WH2,1210,EA,0,2026-09-02T06:15:00Z
MSD-2115,WH2,945,EA,0,2026-07-31T06:15:00Z
MSD-2226,WH3,110,EA,0,2026-09-02T06:15:00Z
MSD-2059,WH3,104,EA,0,2026-08-03T06:15:00Z
MSD-2090,WH1,628,EA,0,2026-08-25T06:15:00Z
MSD-2060,WH2,934,EA,0,2026-08-10T06:15:00Z
MSD-2083,WH2,792,EA,0,2026-08-23T06:15:00Z
MSD-2249,WH3,239,EA,5,2026-08-20T06:15:00Z
MSD-2139,WH1,505,EA,0,2026-08-06T06:15:00Z
MSD-2208,W2,684,EA,0,2026-08-04T06:15:00Z
MSD-2129,WH1,456,EA,0,2026-08-23T06:15:00Z
MSD-2020,WH3,928,EA,0,2026-08-07T06:15:00Z
MSD-2167,WH2,320,EA,13,2026-08-03T06:15:00Z
MSD-2071,WH3,88,EA,0,2026-09-08T06:15:00Z
MSD-2158,WH2,19,EA,0,2026-09-05T06:15:00Z
MSD-2032,WH2,1181,EA,0,2026-07-31T06:15:00Z
MSD-2123,WH1,1152,EA,4,2026-08-18T06:15:00Z
MSD-2161,WH2,948,EA,0,2026-08-09T06:15:00Z
MSD-2142,WH3,1078,EA,0,2026-08-07T06:15:00Z
MSD-2210,WH1,642,EA,9,2026-08-05T06:15:00Z
MSD-2092,WH3,862,EA,0,2026-08-21T06:15:00Z
MSD-2053,WH3,843,EA,0,2026-08-03T06:15:00Z
MSD-2128,WH2,976,EA,0,2026-09-08T06:15:00Z
MSD-2224,wh-1,978,EA,0,2026-08-06T06:15:00Z
MSD-2219,WH2,1095,EA,0,2026-08-07T06:15:00Z
MSD-2051,WH3,297,EA,0,2026-09-09T06:15:00Z
MSD-2090,WH3,357,EA,0,2026-08-31T06:15:00Z
MSD-2119,WH1,410,EA,0,2026-08-29T06:15:00Z
MSD-2154,WH2,1376,EA,0,2026-08-27T06:15:00Z
MSD-2130,WH3,36,EA,0,2026-08-06T06:15:00Z
MSD-2235,WH3,485,EA,14,2026-08-14T06:15:00Z
MSD-2095,WH3,462,EA,0,2026-08-25T06:15:00Z
MSD-2176,WH1,127,EA,0,2026-08-25T06:15:00Z
MSD-2211,WH2,0,EA,0,2026-08-03T06:15:00Z
MSD-2187,WH1,22,EA,0,2026-08-08T06:15:00Z
MSD-2092,WH1,305,EA,3,2026-09-06T06:15:00Z
MSD-2212,WH3,814,EA,0,2026-08-06T06:15:00Z
MSD-2023,WH1,158,EA,0,2026-08-29T06:15:00Z
MSD-2174,WH3,236,EA,0,2026-07-31T06:15:00Z
MSD-2163,WH2,67,EA,0,2026-08-22T06:15:00Z
MSD-2009,WH3,529,EA,0,2026-08-16T06:15:00Z
MSD-2044,WH2,72,EA,0,2026-07-31T06:15:00Z
MSD-2058,WH2,78,EA,0,2026-08-10T06:15:00Z
MSD-2027,WH1,426,EA,0,2026-08-10T06:15:00Z
MSD-2146,WH2,856,EA,2,2026-08-06T06:15:00Z
MSD-2246,WH2,440,EA,0,2026-08-24T06:15:00Z
MSD-3304,W2,35,CASE,0,2026-09-01T06:15:00Z
MSD-2072,WH2,613,EA,0,2026-09-02T06:15:00Z
MSD-2180,WH2,396,EA,0,2026-08-26T06:15:00Z
MSD-2029,WH1,831,EA,0,2026-08-25T06:15:00Z
MSD-2081,WH3,323,EA,0,2026-08-01T06:15:00Z
MSD-2151,WH3,445,EA,0,2026-08-14T06:15:00Z
MSD-2105,WH2,1257,EA,0,2026-08-22T06:15:00Z
MSD-2170,W2,641,EA,0,2026-09-07T06:15:00Z
MSD-2186,WH2,588,EA,0,2026-08-05T06:15:00Z
MSD-2112,WH2,1114,EA,0,2026-08-12T06:15:00Z
MSD-2122,WH1,276,EA,0,2026-08-26T06:15:00Z
MSD-2205,WH2,223,EA,0,2026-08-24T06:15:00Z
MSD-2191,W2,469,EA,0,2026-08-22T06:15:00Z
MSD-2136,WH2,281,EA,0,2026-08-10T06:15:00Z
MSD-2179,WH3,116,EA,0,2026-08-24T06:15:00Z
MSD-2166,W2,-12,EA,0,2026-08-24T06:15:00Z
MSD-2053,WH2,714,EA,0,2026-08-20T06:15:00Z
MSD-2089,WH1,1145,EA,0,2026-08-10T06:15:00Z
MSD-2093,WH1,1148,EA,0,2026-08-17T06:15:00Z
MSD-2136,WH1,319,EA,0,2026-08-15T06:15:00Z
MSD-2052,WH1,0,EA,0,2026-08-03T06:15:00Z
MSD-2158,WH1,80,EA,0,2026-09-06T06:15:00Z
MSD-2216,WH1,614,EA,0,2026-09-05T06:15:00Z
MSD-2058,WH3,312,EA,0,2026-08-21T06:15:00Z
MSD-2075,WH1,355,EA,0,2026-08-30T06:15:00Z
MSD-2247,WH1,436,EA,0,2026-08-19T06:15:00Z
MSD-2113,WH3,1128,EA,0,2026-08-22T06:15:00Z
MSD-2200,WH1,230,EA,0,2026-08-04T06:15:00Z
MSD-2156,WH3,313,EA,10,2026-08-09T06:15:00Z
MSD-2046,WH3,170,EA,0,2026-08-27T06:15:00Z
MSD-2049,WH2,460,EA,0,2026-08-09T06:15:00Z
MSD-2175,WH1,1357,EA,0,2026-08-02T06:15:00Z
MSD-2250,WH1,574,EA,8,2026-08-22T06:15:00Z
MSD-2183,WH3,1011,EA,0,2026-09-02T06:15:00Z
MSD-2160,WH2,1003,EA,14,2026-08-08T06:15:00Z
MSD-2187,WH3,20,EA,0,2026-09-04T06:15:00Z
MSD-2078,WH2,205,EA,0,2026-08-11T06:15:00Z
MSD-2069,WH3,56,EA,0,2026-08-01T06:15:00Z
MSD-2041,WH2,254,EA,0,2026-08-17T06:15:00Z
MSD-2136,WH3,1254,EA,0,2026-09-07T06:15:00Z
MSD-2134,WH3,604,EA,3,2026-09-07T06:15:00Z
MSD-2117,WH1,1090,EA,0,2026-09-08T06:15:00Z
MSD-2052,WH3,0,EA,0,2026-07-31T06:15:00Z
MSD-2012,WH2,779,EA,4,2026-08-06T06:15:00Z
MSD-2076,WH2,980,EA,0,2026-08-10T06:15:00Z
MSD-2031,WH1,414,EA,0,2026-08-04T06:15:00Z
MSD-2102,WH2,428,EA,0,2026-08-14T06:15:00Z
MSD-2055,WH1,952,EA,0,2026-08-31T06:15:00Z
MSD-2240,WH3,965,EA,0,2026-09-03T06:15:00Z
MSD-2238,WH1,404,EA,0,2026-08-11T06:15:00Z
MSD-2248,WH1,1387,EA,0,2026-08-18T06:15:00Z
MSD-2074,WH1,704,EA,0,2026-09-01T06:15:00Z
MSD-2014,WH1,288,EA,0,2026-09-05T06:15:00Z
MSD-2070,WH2,502,EA,0,2026-08-28T06:15:00Z
MSD-2108,WH1,234,EA,0,2026-08-19T06:15:00Z
MSD-2048,WH1,375,EA,0,2026-08-09T06:15:00Z
MSD-2074,WH2,1150,EA,0,2026-08-19T06:15:00Z
MSD-2097,WH3,963,EA,0,2026-08-01T06:15:00Z
MSD-2081,WH2,526,EA,7,2026-08-20T06:15:00Z
MSD-2127,WH1,1124,EA,0,2026-08-03T06:15:00Z
MSD-2132,wh-1,1159,EA,7,2026-09-02T06:15:00Z
MSD-2051,WH2,216,EA,12,2026-08-20T06:15:00Z
MSD-3303,WH1,4,PALLET,0,2026-09-04T06:15:00Z
MSD-2095,WH2,258,EA,0,2026-08-08T06:15:00Z
MSD-2105,WH1,820,EA,0,2026-08-10T06:15:00Z
MSD-2059,W2,504,EA,0,2026-08-26T06:15:00Z
MSD-2054,WH3,1037,EA,0,2026-08-27T06:15:00Z
MSD-2165,WH2,604,EA,0,2026-08-09T06:15:00Z
MSD-2166,WH3,1381,EA,0,2026-08-08T06:15:00Z
MSD-2088,WH3,1042,EA,0,2026-08-02T06:15:00Z
MSD-2142,WH1,927,EA,3,2026-08-04T06:15:00Z
MSD-2070,WH3,712,EA,0,2026-08-13T06:15:00Z
MSD-2148,WH1,772,EA,0,2026-07-31T06:15:00Z
MSD-2045,WH3,1232,EA,0,2026-08-31T06:15:00Z
MSD-2068,WH3,879,EA,0,2026-08-24T06:15:00Z
MSD-2184,WH2,62,EA,0,2026-08-20T06:15:00Z
MSD-2150,WH3,469,EA,0,2026-08-09T06:15:00Z
MSD-2048,WH2,263,EA,0,2026-08-29T06:15:00Z
MSD-2149,WH1,731,EA,0,2026-08-02T06:15:00Z
MSD-2157,WH2,315,EA,0,2026-08-27T06:15:00Z
MSD-2034,WH2,214,EA,0,2026-08-14T06:15:00Z
MSD-2215,WH3,1211,EA,0,2026-08-04T06:15:00Z
MSD-2104,WH1,1156,EA,0,2026-08-31T06:15:00Z
MSD-2225,WH2,486,EA,0,2026-08-30T06:15:00Z
MSD-2099,WH3,985,EA,0,2026-07-31T06:15:00Z
MSD-2147,WH3,358,EA,0,2026-08-26T06:15:00Z
MSD-2216,WH2,1194,EA,0,2026-08-02T06:15:00Z
