po_id,supplier,sku,warehouse,qty,eta_promised,received_at,slip_days
POH-6001,Verity Packaging,MSD-2170,WH2,100,2026-07-23,2026-07-23,0
POH-6002,Lakeside Materials,MSD-2123,WH3,300,2026-03-22,2026-03-23,1
POH-6003,Ambro Components,MSD-2011,WH1,300,2026-04-23,2026-04-30,7
POH-6004,Verity Packaging,MSD-2199,WH3,50,2026-03-22,2026-03-23,1
POH-6005,Kestrel Distribution,MSD-2041,WH2,200,2026-04-22,2026-04-20,-2
POH-6006,Lakeside Materials,MSD-2194,WH2,200,2026-04-19,2026-04-18,-1
POH-6007,Cordell Industrial,MSD-2073,WH3,200,2026-05-29,2026-05-29,0
POH-6008,Cordell Industrial,MSD-2174,WH3,300,2026-07-15,2026-07-16,1
POH-6009,Cordell Industrial,MSD-2229,WH2,500,2026-04-23,2026-04-24,1
POH-6010,Lakeside Materials,MSD-3302,WH1,50,2026-07-15,2026-07-18,3
POH-6011,Kestrel Distribution,MSD-2077,WH2,500,2026-07-28,2026-08-01,4
POH-6012,Verity Packaging,MSD-2034,WH3,300,2026-05-22,2026-05-22,0
POH-6013,Kestrel Distribution,MSD-2241,WH1,500,2026-07-19,2026-07-19,0
POH-6014,Kestrel Distribution,MSD-2112,WH2,50,2026-07-30,2026-08-07,8
POH-6015,Cordell Industrial,MSD-2150,WH1,500,2026-08-23,2026-08-22,-1
POH-6016,Lakeside Materials,MSD-2073,WH2,300,2026-07-22,2026-07-22,0
POH-6017,Lakeside Materials,MSD-2159,WH1,300,2026-07-08,2026-07-10,2
POH-6018,Cordell Industrial,MSD-2106,WH2,150,2026-03-29,2026-03-29,0
POH-6019,Kestrel Distribution,MSD-2117,WH2,500,2026-06-01,2026-06-10,9
POH-6020,Ambro Components,MSD-2186,WH2,200,2026-05-24,2026-05-31,7
POH-6021,Cordell Industrial,MSD-2165,WH1,300,2026-07-04,2026-07-05,1
POH-6022,Northgate Supply,MSD-2138,WH1,50,2026-09-03,2026-09-05,2
POH-6023,Lakeside Materials,MSD-2212,WH2,150,2026-06-21,2026-06-30,9
POH-6024,Cordell Industrial,MSD-2204,WH3,200,2026-08-29,2026-08-30,1
POH-6025,Northgate Supply,MSD-2143,WH2,200,2026-08-13,2026-08-15,2
POH-6026,Verity Packaging,MSD-2156,WH1,200,2026-04-18,2026-04-17,-1
POH-6027,Kestrel Distribution,MSD-2104,WH3,50,2026-05-05,2026-05-05,0
POH-6028,Ambro Components,MSD-2002,WH3,100,2026-05-11,2026-05-17,6
POH-6029,Ambro Components,MSD-2158,WH3,200,2026-07-31,2026-08-07,7
POH-6030,Kestrel Distribution,MSD-2067,WH2,50,2026-03-30,2026-04-03,4
POH-6031,Lakeside Materials,MSD-2182,WH2,200,2026-07-23,2026-07-24,1
POH-6032,Cordell Industrial,MSD-2008,WH3,50,2026-06-18,2026-06-18,0
POH-6033,Kestrel Distribution,MSD-2079,WH2,300,2026-08-14,2026-08-20,6
POH-6034,Northgate Supply,MSD-2169,WH2,50,2026-06-16,2026-06-17,1
POH-6035,Kestrel Distribution,MSD-2038,WH1,100,2026-05-29,2026-06-01,3
POH-6036,Verity Packaging,MSD-2219,WH1,50,2026-03-29,2026-03-30,1
POH-6037,Lakeside Materials,MSD-2062,WH2,300,2026-05-28,2026-05-29,1
POH-6038,Lakeside Materials,MSD-2076,WH1,200,2026-05-28,2026-05-30,2
POH-6039,Kestrel Distribution,MSD-2158,WH3,100,2026-07-13,2026-07-31,18
POH-6040,Kestrel Distribution,MSD-2221,WH1,200,2026-08-05,2026-08-05,0
POH-6041,Verity Packaging,MSD-2131,WH1,150,2026-03-22,2026-03-23,1
POH-6042,Lakeside Materials,MSD-2246,WH1,50,2026-08-12,2026-08-12,0
POH-6043,Northgate Supply,MSD-2067,WH2,500,2026-05-29,2026-06-02,4
POH-6044,Cordell Industrial,MSD-2140,WH2,150,2026-08-01,2026-08-02,1
POH-6045,Cordell Industrial,MSD-2049,WH1,200,2026-08-21,2026-08-20,-1
POH-6046,Kestrel Distribution,MSD-2156,WH2,150,2026-07-04,2026-07-16,12
POH-6047,Lakeside Materials,MSD-2179,WH1,150,2026-08-08,2026-08-09,1
POH-6048,Verity Packaging,MSD-2014,WH3,150,2026-07-01,2026-06-29,-2
POH-6049,Cordell Industrial,MSD-2091,WH3,100,2026-07-28,2026-07-28,0
POH-6050,Lakeside Materials,MSD-2083,WH3,200,2026-05-08,2026-05-09,1
POH-6051,Verity Packaging,MSD-2003,WH1,100,2026-08-01,2026-07-30,-2
POH-6052,Northgate Supply,MSD-2105,WH3,500,2026-04-07,2026-04-08,1
POH-6053,Ambro Components,MSD-2224,WH1,200,2026-07-25,2026-08-01,7
POH-6054,Kestrel Distribution,MSD-2183,WH3,500,2026-06-05,2026-06-09,4
POH-6055,Lakeside Materials,MSD-2237,WH3,200,2026-04-03,2026-04-01,-2
POH-6056,Lakeside Materials,MSD-2096,WH2,500,2026-04-22,2026-04-23,1
POH-6057,Verity Packaging,MSD-2151,WH3,100,2026-08-14,2026-08-15,1
POH-6058,Northgate Supply,MSD-2212,WH2,150,2026-08-21,2026-08-21,0
POH-6059,Verity Packaging,MSD-2118,WH2,150,2026-07-24,2026-07-24,0
POH-6060,Verity Packaging,MSD-2013,WH2,100,2026-08-08,2026-08-08,0
POH-6061,Ambro Components,MSD-2175,WH3,500,2026-07-07,2026-07-05,-2
POH-6062,Lakeside Materials,MSD-2053,WH3,150,2026-03-20,2026-03-20,0
POH-6063,Northgate Supply,MSD-2164,WH2,150,2026-06-10,2026-06-08,-2
POH-6064,Kestrel Distribution,MSD-2073,WH2,300,2026-08-02,2026-08-04,2
POH-6065,Ambro Components,MSD-2243,WH1,500,2026-04-04,2026-04-15,11
POH-6066,Verity Packaging,MSD-2141,WH1,150,2026-04-06,2026-04-06,0
POH-6067,Northgate Supply,MSD-2024,WH2,200,2026-08-02,2026-08-05,3
POH-6068,Kestrel Distribution,MSD-2089,WH1,50,2026-07-12,2026-07-12,0
POH-6069,Ambro Components,MSD-2072,WH1,500,2026-08-27,2026-09-04,8
POH-6070,Ambro Components,MSD-2080,WH3,200,2026-06-19,2026-06-27,8
POH-6071,Lakeside Materials,MSD-2213,WH3,50,2026-05-22,2026-05-21,-1
POH-6072,Lakeside Materials,MSD-2203,WH1,50,2026-08-31,2026-08-29,-2
POH-6073,Lakeside Materials,MSD-2013,WH3,150,2026-08-31,2026-09-01,1
POH-6074,Ambro Components,MSD-2192,WH1,50,2026-08-30,2026-09-02,3
POH-6075,Ambro Components,MSD-2171,WH3,50,2026-05-26,2026-06-04,9
POH-6076,Cordell Industrial,MSD-2102,WH1,500,2026-07-29,2026-07-28,-1
POH-6077,Northgate Supply,MSD-2214,WH1,100,2026-03-20,2026-03-21,1
POH-6078,Ambro Components,MSD-2215,WH1,200,2026-06-26,2026-07-04,8
POH-6079,Cordell Industrial,MSD-2081,WH3,500,2026-06-08,2026-06-07,-1
POH-6080,Northgate Supply,MSD-2210,WH3,100,2026-05-07,2026-05-07,0
POH-6081,Cordell Industrial,MSD-2094,WH2,200,2026-06-16,2026-06-15,-1
POH-6082,Kestrel Distribution,MSD-2119,WH3,500,2026-04-14,2026-04-13,-1
POH-6083,Northgate Supply,MSD-2048,WH1,200,2026-04-01,2026-04-04,3
POH-6084,Ambro Components,MSD-2230,WH2,200,2026-06-29,2026-07-17,18
POH-6085,Cordell Industrial,MSD-2016,WH1,200,2026-06-02,2026-06-05,3
POH-6086,Northgate Supply,MSD-2192,WH1,500,2026-06-23,2026-06-24,1
POH-6087,Ambro Components,MSD-2057,WH3,50,2026-04-24,2026-05-01,7
POH-6088,Cordell Industrial,MSD-2174,WH1,100,2026-04-26,2026-04-24,-2
POH-6089,Ambro Components,MSD-2141,WH2,500,2026-03-30,2026-03-30,0
POH-6090,Lakeside Materials,MSD-2085,WH1,150,2026-08-26,2026-08-26,0
POH-6091,Kestrel Distribution,MSD-2159,WH3,100,2026-08-14,2026-08-13,-1
POH-6092,Ambro Components,MSD-2019,WH2,300,2026-05-28,2026-06-11,14
POH-6093,Ambro Components,MSD-2069,WH2,300,2026-05-24,2026-05-22,-2
POH-6094,Ambro Components,MSD-2038,WH1,150,2026-07-30,2026-08-06,7
POH-6095,Cordell Industrial,MSD-2203,WH3,500,2026-08-21,2026-08-19,-2
POH-6096,Ambro Components,MSD-2185,WH2,50,2026-05-03,2026-05-07,4
POH-6097,Verity Packaging,MSD-2132,WH2,200,2026-08-04,2026-08-03,-1
POH-6098,Kestrel Distribution,MSD-2224,WH2,200,2026-04-10,2026-04-08,-2
POH-6099,Cordell Industrial,MSD-2202,WH2,200,2026-06-11,2026-06-11,0
POH-6100,Ambro Components,MSD-2248,WH3,500,2026-08-21,2026-09-06,16
POH-6101,Ambro Components,MSD-2038,WH3,300,2026-09-01,2026-09-07,6
POH-6102,Northgate Supply,MSD-2239,WH2,500,2026-07-16,2026-07-17,1
POH-6103,Cordell Industrial,MSD-2045,WH1,500,2026-05-12,2026-05-12,0
POH-6104,Ambro Components,MSD-2166,WH1,500,2026-04-22,2026-04-23,1
POH-6105,Kestrel Distribution,MSD-2149,WH2,200,2026-05-19,2026-05-22,3
POH-6106,Cordell Industrial,MSD-2224,WH3,100,2026-05-16,2026-05-15,-1
POH-6107,Cordell Industrial,MSD-2237,WH3,500,2026-05-13,2026-05-12,-1
POH-6108,Ambro Components,MSD-2196,WH1,150,2026-07-25,2026-07-29,4
POH-6109,Northgate Supply,MSD-2135,WH2,100,2026-05-02,2026-05-05,3
POH-6110,Ambro Components,MSD-2011,WH3,100,2026-03-26,2026-03-28,2
POH-6111,Cordell Industrial,MSD-2173,WH1,200,2026-05-27,2026-05-27,0
POH-6112,Ambro Components,MSD-2164,WH3,300,2026-06-13,2026-06-14,1
POH-6113,Verity Packaging,MSD-2130,WH2,500,2026-05-30,2026-05-30,0
POH-6114,Lakeside Materials,MSD-2189,WH3,300,2026-06-10,2026-06-11,1
POH-6115,Verity Packaging,MSD-2118,WH3,100,2026-07-13,2026-07-14,1
POH-6116,Verity Packaging,MSD-2019,WH2,200,2026-06-24,2026-06-25,1
POH-6117,Lakeside Materials,MSD-2126,WH1,100,2026-03-23,2026-03-26,3
POH-6118,Verity Packaging,MSD-2198,WH3,50,2026-05-05,2026-05-06,1
POH-6119,Ambro Components,MSD-2161,WH3,50,2026-05-17,2026-05-20,3
POH-6120,Lakeside Materials,MSD-2091,WH1,300,2026-06-11,2026-06-11,0
POH-6121,Cordell Industrial,MSD-2231,WH3,500,2026-06-06,2026-06-04,-2
POH-6122,Kestrel Distribution,MSD-2071,WH2,50,2026-06-17,2026-06-20,3
POH-6123,Kestrel Distribution,MSD-2221,WH1,200,2026-08-29,2026-09-02,4
POH-6124,Lakeside Materials,MSD-2033,WH3,100,2026-03-23,2026-03-24,1
POH-6125,Kestrel Distribution,MSD-2230,WH3,100,2026-05-24,2026-05-30,6
POH-6126,Verity Packaging,MSD-2092,WH3,200,2026-04-11,2026-04-10,-1
POH-6127,Northgate Supply,MSD-2144,WH2,50,2026-04-06,2026-04-10,4
POH-6128,Kestrel Distribution,MSD-2209,WH1,200,2026-07-03,2026-07-06,3
POH-6129,Lakeside Materials,MSD-2187,WH3,150,2026-07-24,2026-07-24,0
POH-6130,Ambro Components,MSD-2187,WH3,100,2026-07-06,2026-07-09,3
POH-6131,Verity Packaging,MSD-2099,WH2,500,2026-08-11,2026-08-12,1
POH-6132,Lakeside Materials,MSD-2144,WH2,200,2026-05-09,2026-05-09,0
POH-6133,Lakeside Materials,MSD-2121,WH3,300,2026-06-03,2026-06-05,2
POH-6134,Kestrel Distribution,MSD-2246,WH1,300,2026-08-27,2026-08-29,2
POH-6135,Kestrel Distribution,MSD-2164,WH2,150,2026-04-07,2026-04-05,-2
POH-6136,Ambro Components,MSD-2189,WH3,300,2026-06-27,2026-06-29,2
POH-6137,Cordell Industrial,MSD-2056,WH2,150,2026-06-14,2026-06-15,1
POH-6138,Cordell Industrial,MSD-2015,WH1,150,2026-06-08,2026-06-08,0
POH-6139,Lakeside Materials,MSD-2049,WH1,300,2026-04-19,2026-04-21,2
POH-6140,Ambro Components,MSD-3304,WH3,300,2026-06-06,2026-06-07,1
POH-6141,Verity Packaging,MSD-2186,WH3,500,2026-07-09,2026-07-10,1
POH-6142,Kestrel Distribution,MSD-2180,WH3,150,2026-05-11,2026-05-09,-2
POH-6143,Northgate Supply,MSD-2046,WH1,50,2026-05-01,2026-05-03,2
POH-6144,Lakeside Materials,MSD-2192,WH2,300,2026-07-18,2026-07-16,-2
POH-6145,Cordell Industrial,MSD-2049,WH3,500,2026-05-01,2026-05-02,1
POH-6146,Lakeside Materials,MSD-2155,WH1,100,2026-05-04,2026-05-05,1
POH-6147,Cordell Industrial,MSD-3303,WH3,500,2026-05-21,2026-05-20,-1
POH-6148,Verity Packaging,MSD-2237,WH3,300,2026-06-22,2026-06-22,0
POH-6149,Cordell Industrial,MSD-2235,WH3,50,2026-03-26,2026-03-27,1
POH-6150,Lakeside Materials,MSD-2132,WH3,150,2026-04-22,2026-04-25,3
POH-6151,Northgate Supply,MSD-2006,WH1,150,2026-06-08,2026-06-10,2
POH-6152,Cordell Industrial,MSD-2191,WH3,100,2026-07-11,2026-07-13,2
POH-6153,Lakeside Materials,MSD-2006,WH1,150,2026-04-05,2026-04-03,-2
POH-6154,Cordell Industrial,MSD-2080,WH1,200,2026-07-28,2026-07-28,0
POH-6155,Ambro Components,MSD-2223,WH2,300,2026-03-20,2026-03-30,10
POH-6156,Kestrel Distribution,MSD-2112,WH2,300,2026-07-10,2026-07-17,7
POH-6157,Lakeside Materials,MSD-2130,WH2,50,2026-07-23,2026-07-21,-2
POH-6158,Lakeside Materials,MSD-2153,WH1,500,2026-05-21,2026-05-21,0
POH-6159,Ambro Components,MSD-2137,WH3,200,2026-07-13,2026-07-20,7
POH-6160,Ambro Components,MSD-2060,WH3,500,2026-04-04,2026-04-17,13
POH-6161,Verity Packaging,MSD-2172,WH3,500,2026-09-02,2026-09-04,2
POH-6162,Kestrel Distribution,MSD-3301,WH2,200,2026-05-16,2026-05-16,0
POH-6163,Cordell Industrial,MSD-2072,WH1,500,2026-03-19,2026-03-19,0
POH-6164,Cordell Industrial,MSD-2082,WH3,150,2026-06-06,2026-06-04,-2
POH-6165,Kestrel Distribution,MSD-2129,WH2,300,2026-08-28,2026-08-31,3
POH-6166,Lakeside Materials,MSD-2074,WH1,200,2026-08-06,2026-08-04,-2
POH-6167,Northgate Supply,MSD-2010,WH2,300,2026-05-22,2026-05-22,0
POH-6168,Verity Packaging,MSD-2162,WH3,200,2026-06-05,2026-06-04,-1
POH-6169,Northgate Supply,MSD-2231,WH2,100,2026-05-29,2026-05-27,-2
POH-6170,Northgate Supply,MSD-3303,WH2,200,2026-03-21,2026-03-23,2
POH-6171,Northgate Supply,MSD-2125,WH1,100,2026-06-14,2026-06-15,1
POH-6172,Kestrel Distribution,MSD-2172,WH3,150,2026-05-20,2026-05-19,-1
POH-6173,Verity Packaging,MSD-2021,WH1,300,2026-07-10,2026-07-11,1
POH-6174,Verity Packaging,MSD-2004,WH2,100,2026-06-09,2026-06-10,1
POH-6175,Northgate Supply,MSD-2225,WH2,500,2026-04-24,2026-04-27,3
POH-6176,Ambro Components,MSD-2018,WH1,100,2026-06-06,2026-06-11,5
POH-6177,Verity Packaging,MSD-2154,WH2,50,2026-03-24,2026-03-24,0
POH-6178,Northgate Supply,MSD-2022,WH3,150,2026-07-17,2026-07-16,-1
POH-6179,Ambro Components,MSD-2191,WH3,300,2026-05-03,2026-05-19,16
POH-6180,Ambro Components,MSD-2061,WH2,150,2026-05-24,2026-05-25,1
POH-6181,Lakeside Materials,MSD-2196,WH1,100,2026-06-29,2026-07-06,7
POH-6182,Ambro Components,MSD-2003,WH1,150,2026-05-29,2026-06-05,7
POH-6183,Northgate Supply,MSD-2207,WH2,200,2026-06-03,2026-06-04,1
POH-6184,Cordell Industrial,MSD-2056,WH1,500,2026-08-22,2026-08-24,2
POH-6185,Lakeside Materials,MSD-2239,WH1,200,2026-07-27,2026-07-28,1
POH-6186,Ambro Components,MSD-2249,WH2,200,2026-06-08,2026-06-11,3
POH-6187,Lakeside Materials,MSD-2102,WH3,200,2026-07-23,2026-07-22,-1
POH-6188,Lakeside Materials,MSD-2032,WH2,50,2026-06-29,2026-06-30,1
POH-6189,Northgate Supply,MSD-2229,WH1,200,2026-06-15,2026-06-15,0
POH-6190,Ambro Components,MSD-2208,WH2,300,2026-03-18,2026-04-03,16
POH-6191,Lakeside Materials,MSD-2160,WH1,300,2026-06-21,2026-06-22,1
POH-6192,Ambro Components,MSD-2048,WH2,150,2026-07-29,2026-08-06,8
POH-6193,Cordell Industrial,MSD-2031,WH2,200,2026-03-28,2026-03-27,-1
POH-6194,Cordell Industrial,MSD-2065,WH2,100,2026-08-06,2026-08-06,0
POH-6195,Ambro Components,MSD-2204,WH3,500,2026-05-30,2026-06-18,19
POH-6196,Ambro Components,MSD-2008,WH3,200,2026-06-07,2026-06-21,14
POH-6197,Verity Packaging,MSD-2194,WH1,300,2026-05-06,2026-05-06,0
POH-6198,Lakeside Materials,MSD-2152,WH3,100,2026-07-17,2026-07-18,1
POH-6199,Cordell Industrial,MSD-2197,WH3,300,2026-04-23,2026-04-24,1
POH-6200,Kestrel Distribution,MSD-2093,WH2,300,2026-05-30,2026-05-30,0
POH-6201,Northgate Supply,MSD-2086,WH3,500,2026-05-25,2026-05-26,1
POH-6202,Cordell Industrial,MSD-2018,WH3,300,2026-07-05,2026-07-04,-1
POH-6203,Lakeside Materials,MSD-2090,WH3,100,2026-05-27,2026-05-26,-1
POH-6204,Northgate Supply,MSD-2163,WH3,500,2026-08-09,2026-08-08,-1
POH-6205,Cordell Industrial,MSD-2032,WH1,100,2026-05-06,2026-05-05,-1
POH-6206,Ambro Components,MSD-2082,WH2,300,2026-04-29,2026-04-29,0
POH-6207,Kestrel Distribution,MSD-2151,WH3,150,2026-04-24,2026-04-28,4
POH-6208,Cordell Industrial,MSD-2072,WH1,500,2026-06-25,2026-06-23,-2
POH-6209,Lakeside Materials,MSD-2043,WH1,150,2026-07-30,2026-08-02,3
POH-6210,Lakeside Materials,MSD-2042,WH3,300,2026-08-07,2026-08-06,-1
POH-6211,Verity Packaging,MSD-2038,WH3,300,2026-05-31,2026-06-01,1
POH-6212,Northgate Supply,MSD-2058,WH3,200,2026-08-28,2026-09-03,6
POH-6213,Cordell Industrial,MSD-2133,WH3,500,2026-03-30,2026-04-01,2
POH-6214,Northgate Supply,MSD-2124,WH3,100,2026-08-27,2026-08-29,2
POH-6215,Kestrel Distribution,MSD-2221,WH3,150,2026-04-23,2026-04-25,2
POH-6216,Ambro Components,MSD-2036,WH2,500,2026-07-03,2026-07-25,22
POH-6217,Lakeside Materials,MSD-2111,WH3,300,2026-08-29,2026-08-31,2
POH-6218,Kestrel Distribution,MSD-2042,WH3,500,2026-04-04,2026-04-08,4
POH-6219,Lakeside Materials,MSD-2107,WH1,50,2026-08-10,2026-08-11,1
POH-6220,Verity Packaging,MSD-2045,WH2,200,2026-06-07,2026-06-08,1
POH-6221,Northgate Supply,MSD-2051,WH2,50,2026-07-23,2026-07-21,-2
POH-6222,Kestrel Distribution,MSD-2194,WH3,150,2026-07-02,2026-07-13,11
POH-6223,Lakeside Materials,MSD-2022,WH3,50,2026-07-10,2026-07-08,-2
POH-6224,Lakeside Materials,MSD-2103,WH3,300,2026-08-04,2026-08-02,-2
POH-6225,Cordell Industrial,MSD-2072,WH2,50,2026-06-23,2026-06-24,1
POH-6226,Lakeside Materials,MSD-2072,WH1,300,2026-05-28,2026-05-27,-1
POH-6227,Ambro Components,MSD-2235,WH3,100,2026-07-23,2026-07-28,5
POH-6228,Cordell Industrial,MSD-2033,WH1,100,2026-05-17,2026-05-17,0
POH-6229,Cordell Industrial,MSD-2228,WH2,100,2026-05-11,2026-05-09,-2
POH-6230,Northgate Supply,MSD-2101,WH3,200,2026-04-29,2026-04-27,-2
POH-6231,Lakeside Materials,MSD-2228,WH3,500,2026-07-27,2026-08-07,11
POH-6232,Verity Packaging,MSD-2049,WH3,300,2026-07-30,2026-07-30,0
POH-6233,Cordell Industrial,MSD-2060,WH2,150,2026-05-25,2026-05-23,-2
POH-6234,Kestrel Distribution,MSD-2115,WH3,300,2026-07-28,2026-08-09,12
POH-6235,Cordell Industrial,MSD-2180,WH1,500,2026-06-23,2026-06-22,-1
POH-6236,Cordell Industrial,MSD-2196,WH3,300,2026-04-10,2026-04-10,0
POH-6237,Kestrel Distribution,MSD-2130,WH1,150,2026-03-24,2026-03-25,1
POH-6238,Ambro Components,MSD-2115,WH3,100,2026-07-25,2026-07-23,-2
POH-6239,Northgate Supply,MSD-2051,WH2,50,2026-03-20,2026-03-19,-1
POH-6240,Cordell Industrial,MSD-2059,WH3,300,2026-08-04,2026-08-03,-1
POH-6241,Northgate Supply,MSD-2052,WH3,300,2026-07-22,2026-07-23,1
POH-6242,Ambro Components,MSD-2190,WH1,100,2026-05-09,2026-05-08,-1
POH-6243,Lakeside Materials,MSD-2076,WH3,300,2026-03-20,2026-03-20,0
POH-6244,Cordell Industrial,MSD-2050,WH3,300,2026-05-23,2026-05-25,2
POH-6245,Verity Packaging,MSD-2247,WH2,150,2026-05-17,2026-05-17,0
POH-6246,Northgate Supply,MSD-2074,WH1,100,2026-04-26,2026-04-27,1
POH-6247,Cordell Industrial,MSD-2229,WH3,150,2026-08-07,2026-08-05,-2
POH-6248,Cordell Industrial,MSD-2157,WH2,100,2026-05-22,2026-05-22,0
POH-6249,Kestrel Distribution,MSD-2242,WH2,200,2026-08-18,2026-08-19,1
POH-6250,Ambro Components,MSD-2209,WH1,150,2026-05-22,2026-05-20,-2
POH-6251,Cordell Industrial,MSD-2082,WH2,300,2026-08-12,2026-08-11,-1
POH-6252,Ambro Components,MSD-2179,WH1,500,2026-06-15,2026-06-13,-2
POH-6253,Kestrel Distribution,MSD-2246,WH3,200,2026-04-24,2026-04-24,0
POH-6254,Northgate Supply,MSD-2167,WH1,500,2026-05-29,2026-05-28,-1
POH-6255,Northgate Supply,MSD-2109,WH3,200,2026-07-19,2026-07-21,2
POH-6256,Verity Packaging,MSD-2194,WH1,300,2026-07-04,2026-07-04,0
POH-6257,Verity Packaging,MSD-2218,WH1,300,2026-04-09,2026-04-09,0
POH-6258,Cordell Industrial,MSD-2055,WH1,500,2026-06-02,2026-06-02,0
POH-6259,Lakeside Materials,MSD-2047,WH3,500,2026-05-04,2026-05-04,0
POH-6260,Verity Packaging,MSD-2156,WH2,500,2026-04-13,2026-04-13,0
POH-6261,Kestrel Distribution,MSD-2138,WH1,200,2026-06-01,2026-06-04,3
POH-6262,Lakeside Materials,MSD-3304,WH3,500,2026-08-12,2026-08-10,-2
POH-6263,Verity Packaging,MSD-2162,WH2,300,2026-06-01,2026-05-31,-1
POH-6264,Verity Packaging,MSD-2161,WH3,200,2026-05-09,2026-05-09,0
POH-6265,Northgate Supply,MSD-2137,WH1,300,2026-08-06,2026-08-09,3
POH-6267,Kestrel Distribution,MSD-2024,WH1,500,2026-07-08,2026-07-09,1
POH-6268,Northgate Supply,MSD-2110,WH3,500,2026-03-28,2026-04-13,16
POH-6269,Northgate Supply,MSD-2246,WH2,500,2026-07-16,2026-07-17,1
POH-6270,Northgate Supply,MSD-2036,WH1,100,2026-06-20,2026-06-22,2
POH-6271,Lakeside Materials,MSD-2147,WH2,100,2026-06-11,2026-06-11,0
POH-6272,Cordell Industrial,MSD-2236,WH1,150,2026-06-27,2026-06-27,0
POH-6273,Northgate Supply,MSD-2243,WH1,100,2026-08-07,2026-08-07,0
POH-6274,Verity Packaging,MSD-2084,WH1,200,2026-04-18,2026-04-18,0
POH-6275,Verity Packaging,MSD-2102,WH3,150,2026-07-26,2026-07-26,0
POH-6276,Lakeside Materials,MSD-2026,WH2,150,2026-05-21,2026-05-22,1
POH-6277,Kestrel Distribution,MSD-2151,WH1,50,2026-06-03,2026-06-06,3
POH-6278,Ambro Components,MSD-2083,WH3,50,2026-07-02,2026-07-19,17
POH-6279,Lakeside Materials,MSD-2012,WH2,150,2026-05-06,2026-05-07,1
POH-6280,Cordell Industrial,MSD-2129,WH2,300,2026-05-16,2026-05-17,1
POH-6281,Cordell Industrial,MSD-3303,WH3,50,2026-03-28,2026-03-28,0
POH-6282,Cordell Industrial,MSD-2177,WH2,500,2026-04-20,2026-04-19,-1
POH-6283,Northgate Supply,MSD-2110,WH1,500,2026-07-19,2026-07-20,1
POH-6284,Northgate Supply,MSD-2050,WH3,50,2026-03-27,2026-03-29,2
POH-6285,Lakeside Materials,MSD-2021,WH1,200,2026-08-31,2026-08-30,-1
POH-6286,Verity Packaging,MSD-2080,WH3,500,2026-05-02,2026-05-02,0
POH-6287,Verity Packaging,MSD-2020,WH3,50,2026-03-19,2026-03-20,1
POH-6288,Kestrel Distribution,MSD-2209,WH3,500,2026-05-19,2026-05-20,1
POH-6289,Cordell Industrial,MSD-2219,WH1,500,2026-09-03,2026-09-03,0
POH-6290,Verity Packaging,MSD-2225,WH3,200,2026-06-13,2026-06-12,-1
POH-6291,Lakeside Materials,MSD-2162,WH3,300,2026-04-30,2026-05-01,1
POH-6292,Lakeside Materials,MSD-2203,WH2,500,2026-07-17,2026-07-16,-1
POH-6293,Lakeside Materials,MSD-2246,WH1,150,2026-08-22,2026-08-21,-1
POH-6294,Ambro Components,MSD-2199,WH3,200,2026-08-21,2026-08-19,-2
POH-6295,Cordell Industrial,MSD-2205,WH3,50,2026-06-21,2026-06-21,0
POH-6296,Northgate Supply,MSD-2034,WH2,300,2026-07-29,2026-07-28,-1
POH-6297,Cordell Industrial,MSD-2124,WH2,200,2026-08-19,2026-08-17,-2
POH-6298,Lakeside Materials,MSD-2051,WH3,500,2026-06-25,2026-06-27,2
POH-6299,Cordell Industrial,MSD-2035,WH1,100,2026-07-08,2026-07-08,0
POH-6300,Ambro Components,MSD-2246,WH2,500,2026-05-25,2026-05-29,4
POH-6301,Northgate Supply,MSD-2098,WH3,200,2026-06-30,2026-07-03,3
POH-6302,Lakeside Materials,MSD-3301,WH3,50,2026-07-20,2026-07-23,3
POH-6303,Lakeside Materials,MSD-2101,WH3,50,2026-05-22,2026-05-22,0
POH-6304,Cordell Industrial,MSD-2030,WH3,50,2026-07-08,2026-07-10,2
POH-6305,Verity Packaging,MSD-2046,WH3,150,2026-03-27,2026-03-27,0
POH-6306,Kestrel Distribution,MSD-2014,WH1,500,2026-04-16,2026-04-21,5
POH-6307,Northgate Supply,MSD-2090,WH2,100,2026-04-09,2026-04-11,2
POH-6308,Cordell Industrial,MSD-2171,WH2,300,2026-08-07,2026-08-08,1
POH-6309,Kestrel Distribution,MSD-2155,WH3,100,2026-08-24,2026-08-26,2
POH-6310,Ambro Components,MSD-2080,WH2,100,2026-08-04,2026-08-08,4
POH-6311,Ambro Components,MSD-2063,WH1,500,2026-05-24,2026-05-25,1
POH-6312,Lakeside Materials,MSD-2204,WH1,200,2026-06-09,2026-06-07,-2
POH-6313,Cordell Industrial,MSD-2118,WH1,100,2026-07-27,2026-07-28,1
POH-6314,Northgate Supply,MSD-2095,WH2,300,2026-08-18,2026-08-21,3
POH-6315,Kestrel Distribution,MSD-2130,WH1,200,2026-07-29,2026-08-01,3
POH-6316,Ambro Components,MSD-3303,WH1,500,2026-05-31,2026-06-12,12
POH-6317,Verity Packaging,MSD-2021,WH2,100,2026-03-22,2026-03-23,1
POH-6318,Northgate Supply,MSD-2225,WH3,150,2026-07-26,2026-08-07,12
POH-6319,Northgate Supply,MSD-2135,WH1,50,2026-08-28,2026-09-01,4
POH-6320,Verity Packaging,MSD-2216,WH1,300,2026-04-30,2026-04-30,0
POH-6321,Kestrel Distribution,MSD-2181,WH1,200,2026-05-27,2026-06-01,5
POH-6322,Verity Packaging,MSD-2231,WH3,100,2026-07-02,2026-07-01,-1
POH-6323,Verity Packaging,MSD-2211,WH3,500,2026-06-15,2026-06-16,1
POH-6324,Cordell Industrial,MSD-2035,WH3,200,2026-07-11,2026-07-10,-1
POH-6325,Kestrel Distribution,MSD-2099,WH2,100,2026-07-14,2026-07-19,5
POH-6326,Kestrel Distribution,MSD-2018,WH3,300,2026-03-29,2026-04-01,3
POH-6327,Cordell Industrial,MSD-2010,WH2,300,2026-06-21,2026-06-21,0
POH-6328,Kestrel Distribution,MSD-2168,WH2,500,2026-08-15,2026-08-13,-2
POH-6329,Northgate Supply,MSD-2043,WH2,150,2026-07-25,2026-07-26,1
POH-6330,Northgate Supply,MSD-3301,WH2,500,2026-04-08,2026-04-08,0
POH-6331,Lakeside Materials,MSD-2024,WH3,100,2026-06-07,2026-06-06,-1
POH-6332,Kestrel Distribution,MSD-2064,WH1,150,2026-08-04,2026-08-03,-1
POH-6333,Northgate Supply,MSD-2182,WH3,150,2026-07-09,2026-07-08,-1
POH-6334,Kestrel Distribution,MSD-2157,WH2,50,2026-07-10,2026-07-15,5
POH-6335,Kestrel Distribution,MSD-2022,WH1,100,2026-03-19,2026-03-18,-1
POH-6336,Cordell Industrial,MSD-2230,WH1,500,2026-04-17,2026-04-18,1
POH-6337,Lakeside Materials,MSD-2062,WH2,500,2026-07-12,2026-07-12,0
POH-6338,Verity Packaging,MSD-2079,WH1,50,2026-06-15,2026-06-14,-1
POH-6339,Verity Packaging,MSD-2231,WH1,300,2026-03-22,2026-03-22,0
POH-6340,Lakeside Materials,MSD-2057,WH1,50,2026-06-22,2026-06-21,-1
POH-6341,Verity Packaging,MSD-2044,WH2,200,2026-04-13,2026-04-14,1
POH-6342,Northgate Supply,MSD-2017,WH3,300,2026-05-07,2026-05-08,1
POH-6343,Verity Packaging,MSD-2006,WH1,200,2026-06-23,2026-06-22,-1
POH-6344,Verity Packaging,MSD-2127,WH2,500,2026-07-14,2026-07-12,-2
POH-6345,Ambro Components,MSD-2070,WH2,500,2026-08-09,2026-08-12,3
POH-6346,Ambro Components,MSD-2096,WH3,100,2026-06-18,2026-07-05,17
POH-6347,Verity Packaging,MSD-2220,WH1,500,2026-07-19,2026-07-19,0
POH-6348,Ambro Components,MSD-2107,WH1,50,2026-07-19,2026-07-17,-2
POH-6349,Northgate Supply,MSD-2079,WH1,300,2026-06-12,2026-06-21,9
POH-6350,Verity Packaging,MSD-2222,WH3,50,2026-05-24,2026-05-22,-2
POH-6351,Verity Packaging,MSD-2129,WH3,150,2026-05-16,2026-05-16,0
POH-6352,Ambro Components,MSD-2008,WH2,150,2026-08-17,2026-08-24,7
POH-6353,Verity Packaging,MSD-2135,WH2,300,2026-07-16,2026-07-16,0
POH-6354,Northgate Supply,MSD-3303,WH1,200,2026-03-21,2026-03-23,2
POH-6355,Northgate Supply,MSD-2038,WH2,500,2026-05-28,2026-06-07,10
POH-6356,Ambro Components,MSD-2177,WH3,50,2026-04-24,2026-05-07,13
POH-6357,Verity Packaging,MSD-2075,WH3,150,2026-04-26,2026-04-26,0
POH-6358,Ambro Components,MSD-2173,WH1,500,2026-05-22,2026-05-29,7
POH-6359,Ambro Components,MSD-2102,WH3,100,2026-06-06,2026-06-19,13
POH-6360,Cordell Industrial,MSD-2130,WH1,50,2026-08-08,2026-08-08,0
POH-6361,Kestrel Distribution,MSD-2024,WH1,300,2026-04-05,2026-04-06,1
POH-6362,Verity Packaging,MSD-2052,WH3,50,2026-04-22,2026-04-21,-1
POH-6363,Lakeside Materials,MSD-2079,WH2,300,2026-05-13,2026-05-15,2
POH-6364,Ambro Components,MSD-2052,WH2,50,2026-06-20,2026-06-26,6
POH-6365,Cordell Industrial,MSD-2107,WH1,100,2026-04-29,2026-04-29,0
POH-6366,Lakeside Materials,MSD-2043,WH2,100,2026-05-13,2026-05-16,3
POH-6367,Verity Packaging,MSD-2104,WH2,200,2026-05-28,2026-05-30,2
POH-6368,Ambro Components,MSD-2039,WH3,200,2026-05-13,2026-05-21,8
POH-6369,Northgate Supply,MSD-2229,WH1,100,2026-08-24,2026-08-25,1
POH-6370,Ambro Components,MSD-2052,WH3,50,2026-08-03,2026-08-05,2
POH-6371,Northgate Supply,MSD-2062,WH2,150,2026-05-24,2026-05-22,-2
POH-6372,Kestrel Distribution,MSD-2015,WH2,50,2026-06-07,2026-06-09,2
POH-6373,Ambro Components,MSD-2040,WH3,150,2026-06-28,2026-07-04,6
POH-6374,Northgate Supply,MSD-2149,WH3,200,2026-06-23,2026-06-22,-1
POH-6375,Lakeside Materials,MSD-2130,WH3,50,2026-05-15,2026-05-17,2
POH-6376,Lakeside Materials,MSD-2081,WH2,300,2026-05-18,2026-05-16,-2
POH-6377,Lakeside Materials,MSD-2205,WH1,100,2026-06-21,2026-06-23,2
POH-6378,Cordell Industrial,MSD-2195,WH2,500,2026-08-14,2026-08-13,-1
POH-6379,Kestrel Distribution,MSD-2010,WH2,500,2026-06-16,2026-06-14,-2
POH-6380,Verity Packaging,MSD-2014,WH1,50,2026-06-08,2026-06-08,0
POH-6381,Verity Packaging,MSD-2031,WH3,50,2026-07-03,2026-07-03,0
POH-6382,Ambro Components,MSD-2060,WH2,200,2026-03-22,2026-03-31,9
POH-6383,Verity Packaging,MSD-2199,WH1,500,2026-08-29,2026-08-29,0
POH-6384,Kestrel Distribution,MSD-2099,WH1,50,2026-06-08,2026-06-13,5
POH-6385,Verity Packaging,MSD-2228,WH3,200,2026-08-02,2026-08-01,-1
POH-6386,Kestrel Distribution,MSD-2130,WH3,50,2026-06-13,2026-06-16,3
POH-6387,Northgate Supply,MSD-2062,WH2,200,2026-04-10,2026-04-09,-1
POH-6388,Northgate Supply,MSD-2013,WH2,200,2026-05-21,2026-05-22,1
POH-6389,Kestrel Distribution,MSD-2040,WH1,300,2026-07-02,2026-07-05,3
POH-6390,Cordell Industrial,MSD-2218,WH1,100,2026-05-07,2026-05-08,1
POH-6391,Verity Packaging,MSD-2249,WH2,500,2026-05-27,2026-05-27,0
POH-6392,Kestrel Distribution,MSD-2159,WH2,150,2026-07-03,2026-07-10,7
POH-6393,Ambro Components,MSD-2118,WH2,300,2026-06-03,2026-06-01,-2
POH-6394,Verity Packaging,MSD-2119,WH2,500,2026-07-17,2026-07-17,0
POH-6395,Kestrel Distribution,MSD-2130,WH2,200,2026-08-01,2026-08-10,9
POH-6396,Verity Packaging,MSD-2019,WH2,100,2026-04-25,2026-04-26,1
POH-6397,Ambro Components,MSD-2192,WH1,500,2026-04-04,2026-04-09,5
POH-6398,Lakeside Materials,MSD-2235,WH1,200,2026-04-27,2026-05-04,7
POH-6399,Cordell Industrial,MSD-2140,WH1,150,2026-08-27,2026-08-29,2
POH-6400,Verity Packaging,MSD-2181,WH1,150,2026-05-25,2026-05-25,0
POH-6401,Kestrel Distribution,MSD-2088,WH3,150,2026-06-25,2026-06-26,1
POH-6402,Cordell Industrial,MSD-2101,WH2,500,2026-08-24,2026-08-26,2
POH-6403,Verity Packaging,MSD-3304,WH3,50,2026-07-01,2026-07-01,0
POH-6404,Ambro Components,MSD-2117,WH2,50,2026-05-27,2026-06-05,9
POH-6405,Verity Packaging,MSD-2242,WH2,500,2026-05-12,2026-05-13,1
POH-6406,Verity Packaging,MSD-2088,WH2,500,2026-03-30,2026-03-29,-1
POH-6407,Verity Packaging,MSD-2145,WH1,500,2026-05-17,2026-05-16,-1
POH-6408,Ambro Components,MSD-2027,WH1,50,2026-06-06,2026-06-09,3
POH-6409,Cordell Industrial,MSD-2029,WH1,150,2026-05-14,2026-05-14,0
POH-6410,Cordell Industrial,MSD-2041,WH1,100,2026-05-27,2026-05-27,0
POH-6411,Lakeside Materials,MSD-2062,WH2,500,2026-04-02,2026-03-31,-2
POH-6412,Northgate Supply,MSD-2047,WH1,100,2026-06-11,2026-06-13,2
POH-6413,Lakeside Materials,MSD-2152,WH3,200,2026-07-29,2026-07-30,1
POH-6414,Ambro Components,MSD-3302,WH1,200,2026-06-04,2026-06-26,22
POH-6415,Lakeside Materials,MSD-2219,WH3,150,2026-07-21,2026-07-20,-1
POH-6416,Kestrel Distribution,MSD-2213,WH2,100,2026-08-24,2026-08-24,0
POH-6417,Verity Packaging,MSD-2010,WH1,50,2026-07-23,2026-07-22,-1
POH-6418,Northgate Supply,MSD-2086,WH2,300,2026-07-06,2026-07-05,-1
POH-6419,Lakeside Materials,MSD-2240,WH2,150,2026-04-04,2026-04-05,1
POH-6420,Northgate Supply,MSD-2233,WH1,150,2026-05-07,2026-05-10,3
POH-6421,Ambro Components,MSD-2145,WH3,100,2026-04-05,2026-04-18,13
POH-6422,Cordell Industrial,MSD-2212,WH2,300,2026-03-19,2026-03-21,2
POH-6423,Cordell Industrial,MSD-2030,WH2,50,2026-04-28,2026-04-27,-1
POH-6424,Northgate Supply,MSD-2104,WH2,50,2026-05-13,2026-05-15,2
POH-6425,Northgate Supply,MSD-2101,WH3,500,2026-07-29,2026-07-30,1
POH-6426,Northgate Supply,MSD-2101,WH1,150,2026-05-04,2026-05-05,1
POH-6427,Cordell Industrial,MSD-2029,WH2,300,2026-07-29,2026-07-30,1
POH-6428,Cordell Industrial,MSD-2121,WH2,100,2026-03-22,2026-03-22,0
POH-6429,Lakeside Materials,MSD-2164,WH2,300,2026-03-25,2026-03-26,1
POH-6430,Kestrel Distribution,MSD-2124,WH2,50,2026-05-09,2026-05-08,-1
POH-6431,Northgate Supply,MSD-2012,WH2,150,2026-04-10,2026-04-13,3
POH-6432,Northgate Supply,MSD-2027,WH3,200,2026-04-22,2026-04-20,-2
POH-6433,Kestrel Distribution,MSD-2163,WH2,200,2026-04-05,2026-04-13,8
POH-6434,Northgate Supply,MSD-2043,WH3,50,2026-04-09,2026-04-09,0
POH-6435,Verity Packaging,MSD-2085,WH1,200,2026-07-23,2026-07-23,0
POH-6436,Ambro Components,MSD-2231,WH1,200,2026-07-16,2026-07-24,8
POH-6437,Verity Packaging,MSD-2192,WH2,50,2026-06-18,2026-06-18,0
POH-6438,Lakeside Materials,MSD-2080,WH3,500,2026-04-24,2026-04-25,1
POH-6439,Cordell Industrial,MSD-2226,WH1,200,2026-09-03,2026-09-04,1
POH-6440,Northgate Supply,MSD-2047,WH1,150,2026-07-05,2026-07-04,-1
POH-6441,Lakeside Materials,MSD-2060,WH1,200,2026-03-22,2026-03-21,-1
POH-6442,Ambro Components,MSD-2189,WH2,100,2026-04-26,2026-05-02,6
POH-6443,Lakeside Materials,MSD-2231,WH1,300,2026-03-30,2026-03-29,-1
POH-6444,Lakeside Materials,MSD-2219,WH2,500,2026-08-07,2026-08-08,1
POH-6445,Northgate Supply,MSD-2142,WH1,500,2026-05-26,2026-05-28,2
POH-6446,Verity Packaging,MSD-2194,WH2,150,2026-05-20,2026-05-21,1
POH-6447,Northgate Supply,MSD-2055,WH2,500,2026-03-18,2026-03-21,3
POH-6448,Cordell Industrial,MSD-2191,WH1,300,2026-07-26,2026-07-26,0
POH-6449,Lakeside Materials,MSD-2158,WH1,50,2026-05-14,2026-05-14,0
POH-6450,Cordell Industrial,MSD-2186,WH2,200,2026-04-22,2026-04-23,1
POH-6451,Ambro Components,MSD-2211,WH3,150,2026-03-26,2026-03-26,0
POH-6452,Ambro Components,MSD-2248,WH2,150,2026-06-16,2026-07-07,21
POH-6453,Cordell Industrial,MSD-2200,WH3,300,2026-05-08,2026-05-09,1
POH-6454,Verity Packaging,MSD-2139,WH3,100,2026-08-02,2026-08-01,-1
POH-6455,Northgate Supply,MSD-2060,WH2,150,2026-04-09,2026-04-07,-2
POH-6456,Verity Packaging,MSD-2094,WH3,300,2026-04-02,2026-03-31,-2
POH-6458,Kestrel Distribution,MSD-2016,WH2,200,2026-06-27,2026-07-01,4
POH-6459,Ambro Components,MSD-2024,WH3,50,2026-03-24,2026-04-09,16
POH-6460,Ambro Components,MSD-2151,WH2,300,2026-05-07,2026-05-08,1
POH-6461,Verity Packaging,MSD-2167,WH3,200,2026-04-15,2026-04-14,-1
POH-6462,Cordell Industrial,MSD-2201,WH1,300,2026-03-24,2026-03-24,0
POH-6463,Verity Packaging,MSD-2042,WH2,500,2026-03-29,2026-04-01,3
POH-6464,Verity Packaging,MSD-2105,WH3,300,2026-05-04,2026-05-03,-1
POH-6465,Cordell Industrial,MSD-2110,WH3,500,2026-08-06,2026-08-06,0
POH-6466,Verity Packaging,MSD-2071,WH2,150,2026-07-07,2026-07-08,1
POH-6467,Lakeside Materials,MSD-2244,WH1,200,2026-07-10,2026-07-13,3
POH-6468,Cordell Industrial,MSD-2155,WH1,100,2026-06-23,2026-06-23,0
POH-6469,Ambro Components,MSD-2158,WH3,500,2026-04-15,2026-05-07,22
POH-6470,Verity Packaging,MSD-2108,WH3,100,2026-05-01,2026-05-01,0
POH-6471,Verity Packaging,MSD-2142,WH1,200,2026-04-01,2026-04-01,0
POH-6472,Northgate Supply,MSD-2035,WH2,200,2026-04-03,2026-04-01,-2
POH-6473,Kestrel Distribution,MSD-2195,WH3,150,2026-06-08,2026-06-10,2
POH-6474,Cordell Industrial,MSD-2193,WH1,300,2026-04-04,2026-04-03,-1
POH-6475,Cordell Industrial,MSD-2133,WH2,150,2026-08-17,2026-08-18,1
POH-6476,Ambro Components,MSD-2250,WH3,150,2026-07-07,2026-07-13,6
POH-6477,Verity Packaging,MSD-2107,WH3,200,2026-07-17,2026-07-17,0
POH-6478,Verity Packaging,MSD-2210,WH3,100,2026-05-23,2026-05-22,-1
POH-6479,Verity Packaging,MSD-2124,WH3,100,2026-08-04,2026-08-04,0
POH-6480,Cordell Industrial,MSD-2123,WH3,300,2026-05-01,2026-05-01,0
POH-6481,Verity Packaging,MSD-2030,WH2,200,2026-06-04,2026-06-03,-1
POH-6482,Lakeside Materials,MSD-2120,WH2,200,2026-05-10,2026-05-11,1
POH-6483,Northgate Supply,MSD-2166,WH2,500,2026-08-30,2026-08-31,1
POH-6484,Verity Packaging,MSD-2119,WH1,100,2026-08-14,2026-08-15,1
POH-6485,Northgate Supply,MSD-2006,WH3,50,2026-04-04,2026-04-04,0
POH-6486,Ambro Components,MSD-2220,WH2,50,2026-07-22,2026-08-09,18
POH-6487,Verity Packaging,MSD-2164,WH1,200,2026-03-27,2026-03-29,2
POH-6488,Kestrel Distribution,MSD-2014,WH1,300,2026-03-22,2026-03-21,-1
POH-6489,Ambro Components,MSD-2046,WH3,500,2026-07-14,2026-07-19,5
POH-6490,Cordell Industrial,MSD-2097,WH1,100,2026-07-06,2026-07-05,-1
POH-6491,Cordell Industrial,MSD-2121,WH1,500,2026-04-24,2026-04-23,-1
POH-6492,Verity Packaging,MSD-2206,WH1,200,2026-04-25,2026-05-07,12
POH-6493,Northgate Supply,MSD-2123,WH1,100,2026-07-16,2026-07-15,-1
POH-6494,Northgate Supply,MSD-2062,WH3,300,2026-04-15,2026-04-17,2
POH-6495,Northgate Supply,MSD-2245,WH3,50,2026-07-15,2026-07-17,2
POH-6496,Cordell Industrial,MSD-2135,WH3,50,2026-04-20,2026-04-20,0
POH-6497,Kestrel Distribution,MSD-2223,WH1,100,2026-05-21,2026-05-22,1
POH-6498,Cordell Industrial,MSD-2131,WH2,50,2026-03-21,2026-03-20,-1
POH-6499,Ambro Components,MSD-2121,WH1,300,2026-07-26,2026-07-27,1
POH-6500,Kestrel Distribution,MSD-2230,WH1,150,2026-07-28,2026-07-30,2
POH-6501,Verity Packaging,MSD-2150,WH3,300,2026-08-01,2026-08-04,3
POH-6502,Lakeside Materials,MSD-2218,WH2,200,2026-05-09,2026-05-07,-2
POH-6503,Ambro Components,MSD-2040,WH2,150,2026-07-14,2026-07-28,14
POH-6504,Lakeside Materials,MSD-2179,WH3,150,2026-09-03,2026-09-03,0
POH-6505,Kestrel Distribution,MSD-2140,WH2,100,2026-07-26,2026-07-30,4
POH-6506,Verity Packaging,MSD-2106,WH1,100,2026-03-22,2026-03-20,-2
POH-6507,Ambro Components,MSD-2150,WH2,200,2026-03-23,2026-03-21,-2
POH-6508,Verity Packaging,MSD-2104,WH2,200,2026-07-11,2026-07-25,14
POH-6509,Ambro Components,MSD-2094,WH2,500,2026-04-22,2026-04-30,8
POH-6510,Northgate Supply,MSD-2016,WH3,500,2026-07-30,2026-08-02,3
POH-6511,Cordell Industrial,MSD-2049,WH2,300,2026-07-21,2026-07-21,0
POH-6512,Northgate Supply,MSD-2188,WH1,150,2026-08-10,2026-08-14,4
POH-6513,Ambro Components,MSD-2100,WH3,50,2026-08-13,2026-08-18,5
POH-6514,Cordell Industrial,MSD-2087,WH3,200,2026-07-13,2026-07-12,-1
POH-6515,Lakeside Materials,MSD-2117,WH2,500,2026-08-26,2026-08-28,2
POH-6516,Northgate Supply,MSD-2078,WH2,300,2026-03-26,2026-03-27,1
POH-6517,Verity Packaging,MSD-2053,WH2,300,2026-03-24,2026-03-23,-1
POH-6518,Verity Packaging,MSD-2206,WH1,50,2026-08-07,2026-08-05,-2
POH-6519,Cordell Industrial,MSD-2065,WH2,300,2026-05-04,2026-05-04,0
POH-6520,Kestrel Distribution,MSD-2102,WH1,150,2026-06-02,2026-06-07,5
